CHANGES.txt
MANIFEST.in
README.txt
development.ini
production.ini
setup.cfg
setup.py
lmc/__init__.py
lmc/models.py
lmc/tests.py
lmc/views.py
lmc.egg-info/PKG-INFO
lmc.egg-info/SOURCES.txt
lmc.egg-info/dependency_links.txt
lmc.egg-info/entry_points.txt
lmc.egg-info/not-zip-safe
lmc.egg-info/paster_plugins.txt
lmc.egg-info/requires.txt
lmc.egg-info/top_level.txt
lmc/design/archives.png
lmc/design/chosen-sprite.png
lmc/design/chosen.css
lmc/design/chosen.jquery.min.js
lmc/design/discuss.png
lmc/design/events.png
lmc/design/favicon.png
lmc/design/header-bg.png
lmc/design/home.png
lmc/design/jquery-1.7.1.min.js
lmc/design/logo.png
lmc/design/main.css
lmc/design/members.png
lmc/design/navadmin-bg.png
lmc/design/news.png
lmc/design/photos.png
lmc/templates/base.pt
lmc/templates/home.pt
lmc/templates/login.pt
lmc/templates/register.pt
lmc/templates/archives/edit.pt
lmc/templates/archives/file.pt
lmc/templates/archives/index.pt
lmc/templates/archives/upload.pt
lmc/templates/discuss/index.pt
lmc/templates/events/add.pt
lmc/templates/events/index.pt
lmc/templates/news/article.pt
lmc/templates/news/create.pt
lmc/templates/news/edit.pt
lmc/templates/news/index.pt
lmc/templates/old/404.pt
lmc/templates/old/activity.pt
lmc/templates/old/admin.pt
lmc/templates/old/archives.pt
lmc/templates/old/archives_edit.pt
lmc/templates/old/archives_file.pt
lmc/templates/old/archives_new.pt
lmc/templates/old/articles.pt
lmc/templates/old/articles_article.pt
lmc/templates/old/articles_edit.pt
lmc/templates/old/articles_new.pt
lmc/templates/old/base.pt
lmc/templates/old/events.pt
lmc/templates/old/events_calendar.pt
lmc/templates/old/events_calendar_month.pt
lmc/templates/old/events_chaperone.pt
lmc/templates/old/events_chaperone_info.pt
lmc/templates/old/events_chaperone_new.pt
lmc/templates/old/events_edit.pt
lmc/templates/old/events_event.pt
lmc/templates/old/events_new.pt
lmc/templates/old/events_register.pt
lmc/templates/old/home.pt
lmc/templates/old/login.pt
lmc/templates/old/member_profile.pt
lmc/templates/old/members.pt
lmc/templates/old/members_member.pt
lmc/templates/old/messages.pt
lmc/templates/old/messages_message.pt
lmc/templates/old/messages_new.pt
lmc/templates/old/news.pt
lmc/templates/old/news_article.pt
lmc/templates/old/news_edit.pt
lmc/templates/old/news_new.pt
lmc/templates/old/photos.pt
lmc/templates/old/photos_album.pt
lmc/templates/old/photos_album_add.pt
lmc/templates/old/photos_album_edit.pt
lmc/templates/old/photos_new.pt
lmc/templates/old/photos_photo.pt
lmc/templates/old/photos_photo_edit.pt
lmc/templates/old/profile.pt
lmc/templates/old/register.pt